listing_id,Bid Date,Bid Amount
7435994,Bid Date,BidAmount
7435994,"Nov 16, 2025, 12:51:50 AM",$50.00
7435994,"Nov 16, 2025, 12:51:50 AM",$48.00
7435994,"Nov 16, 2025, 12:51:29 AM",$43.00
7435994,"Nov 16, 2025, 12:51:30 AM",$40.00
7435994,"Nov 16, 2025, 12:51:14 AM",$37.00
7435994,"Nov 16, 2025, 12:51:14 AM",$34.00
7435994,"Nov 16, 2025, 12:49:24 AM",$31.00
7435994,"Nov 16, 2025, 12:48:55 AM",$28.00
7435994,"Nov 16, 2025, 12:48:39 AM",$25.00
7435994,"Nov 16, 2025, 12:48:39 AM",$24.00
7435994,"Nov 16, 2025, 12:47:11 AM",$21.00
7435994,"Nov 16, 2025, 12:46:36 AM",$18.00
7435994,"Nov 16, 2025, 12:46:17 AM",$15.00
7435994,"Nov 16, 2025, 12:46:17 AM",$14.00
7435994,"Nov 16, 2025, 12:46:00 AM",$11.00
7435994,"Nov 16, 2025, 12:46:00 AM",$10.00
7435994,"Nov 16, 2025, 12:20:17 AM",$9.00
7435994,"Nov 16, 2025, 12:20:17 AM",$8.00
7435994,"Nov 13, 2025, 9:01:04 PM",$6.00
7435994,"Nov 13, 2025, 9:00:19 PM",$5.00
7435994,"Nov 13, 2025, 9:00:19 PM",$4.00
7435994,"Nov 13, 2025, 9:00:11 PM",$3.00
7435994,"Nov 13, 2025, 9:00:11 PM",$2.00
7435994,"Nov 10, 2025, 9:47:20 PM",$1.00
7435995,Bid Date,BidAmount
7435995,"Nov 16, 2025, 12:44:03 AM",$115.00
7435995,"Nov 15, 2025, 6:41:42 PM",$105.00
7435995,"Nov 15, 2025, 6:41:32 PM",$100.00
7435995,"Nov 15, 2025, 6:41:33 PM",$100.00
7435995,"Nov 15, 2025, 6:41:27 PM",$95.00
7435995,"Nov 15, 2025, 6:41:27 PM",$90.00
7435995,"Nov 15, 2025, 6:41:16 PM",$75.00
7435995,"Nov 15, 2025, 6:41:16 PM",$70.00
7435995,"Nov 15, 2025, 6:41:08 PM",$65.00
7435995,"Nov 15, 2025, 6:41:08 PM",$60.00
7435995,"Nov 15, 2025, 6:40:57 PM",$55.00
7435995,"Nov 15, 2025, 6:40:57 PM",$50.00
7435995,"Nov 15, 2025, 5:27:15 PM",$11.00
7435995,"Nov 15, 2025, 5:27:15 PM",$10.00
7435995,"Nov 15, 2025, 3:15:36 PM",$1.00
7435996,Bid Date,BidAmount
7435996,"Nov 15, 2025, 6:42:14 PM",$1.00
7435997,Bid Date,BidAmount
7435997,"Nov 16, 2025, 12:59:25 AM",$51.00
7435997,"Nov 16, 2025, 12:59:03 AM",$46.00
7435997,"Nov 16, 2025, 12:59:03 AM",$45.00
7435997,"Nov 16, 2025, 12:58:32 AM",$41.00
7435997,"Nov 16, 2025, 12:58:32 AM",$38.00
7435997,"Nov 16, 2025, 12:54:52 AM",$35.00
7435997,"Nov 16, 2025, 12:54:52 AM",$33.00
7435997,"Nov 16, 2025, 12:34:18 AM",$32.00
7435997,"Nov 15, 2025, 1:42:46 PM",$29.00
7435997,"Nov 15, 2025, 1:00:04 PM",$26.00
7435997,"Nov 15, 2025, 12:46:45 AM",$23.00
7435997,"Nov 15, 2025, 12:46:22 AM",$20.00
7435997,"Nov 15, 2025, 12:46:22 AM",$17.00
7435997,"Nov 15, 2025, 12:20:10 AM",$14.00
7435997,"Nov 15, 2025, 12:20:05 AM",$11.00
7435997,"Nov 15, 2025, 12:20:05 AM",$10.00
7435997,"Nov 14, 2025, 11:59:55 PM",$4.00
7435997,"Nov 14, 2025, 1:00:33 AM",$3.00
7435997,"Nov 13, 2025, 11:47:14 PM",$2.00
7435997,"Nov 11, 2025, 5:36:51 PM",$1.00
7435998,Bid Date,BidAmount
7435998,"Nov 16, 2025, 1:01:31 AM",$37.00
7435998,"Nov 16, 2025, 1:01:31 AM",$34.00
7435998,"Nov 16, 2025, 1:01:21 AM",$33.00
7435998,"Nov 16, 2025, 1:01:03 AM",$30.00
7435998,"Nov 16, 2025, 1:01:03 AM",$28.10
7435998,"Nov 16, 2025, 1:00:00 AM",$24.10
7435998,"Nov 16, 2025, 1:00:00 AM",$21.10
7435998,"Nov 16, 2025, 12:59:03 AM",$18.10
7435998,"Nov 16, 2025, 12:59:03 AM",$15.10
7435998,"Nov 16, 2025, 12:58:08 AM",$11.00
7435998,"Nov 16, 2025, 12:57:53 AM",$10.00
7435998,"Nov 16, 2025, 12:57:54 AM",$10.00
7435998,"Nov 15, 2025, 9:56:37 PM",$9.00
7435998,"Nov 15, 2025, 9:56:37 PM",$8.00
7435998,"Nov 15, 2025, 9:56:28 PM",$7.00
7435998,"Nov 15, 2025, 9:56:28 PM",$6.00
7435998,"Nov 15, 2025, 12:34:29 AM",$5.00
7435998,"Nov 15, 2025, 12:34:29 AM",$4.00
7435998,"Nov 14, 2025, 1:52:55 PM",$3.00
7435998,"Nov 14, 2025, 1:52:55 PM",$2.00
7435998,"Nov 10, 2025, 5:07:21 PM",$1.00
7435999,Bid Date,BidAmount
7435999,"Nov 16, 2025, 1:00:16 AM",$11.00
7435999,"Nov 16, 2025, 1:00:03 AM",$10.00
7435999,"Nov 16, 2025, 1:00:04 AM",$10.00
7435999,"Nov 16, 2025, 12:59:41 AM",$9.00
7435999,"Nov 16, 2025, 12:59:11 AM",$8.00
7435999,"Nov 16, 2025, 12:59:12 AM",$8.00
7435999,"Nov 16, 2025, 12:55:28 AM",$7.00
7435999,"Nov 16, 2025, 12:53:33 AM",$6.00
7435999,"Nov 16, 2025, 12:53:33 AM",$5.00
7435999,"Nov 14, 2025, 9:58:57 PM",$3.00
7435999,"Nov 14, 2025, 9:58:57 PM",$2.00
7435999,"Nov 10, 2025, 4:22:50 PM",$1.00
7436000,Bid Date,BidAmount
7436000,"Nov 15, 2025, 11:02:41 PM",$33.00
7436000,"Nov 15, 2025, 11:00:46 PM",$30.00
7436000,"Nov 15, 2025, 11:00:47 PM",$30.00
7436000,"Nov 15, 2025, 10:01:21 PM",$26.00
7436000,"Nov 15, 2025, 10:01:21 PM",$25.00
7436000,"Nov 15, 2025, 4:23:48 PM",$23.00
7436000,"Nov 15, 2025, 4:23:41 PM",$20.00
7436000,"Nov 15, 2025, 4:23:41 PM",$19.00
7436000,"Nov 15, 2025, 4:23:04 PM",$15.00
7436000,"Nov 11, 2025, 1:38:34 PM",$12.00
7436000,"Nov 11, 2025, 1:38:34 PM",$11.00
7436000,"Nov 11, 2025, 1:38:29 PM",$9.00
7436000,"Nov 11, 2025, 1:38:29 PM",$8.00
7436000,"Nov 11, 2025, 3:07:52 AM",$6.00
7436000,"Nov 11, 2025, 3:07:52 AM",$5.00
7436000,"Nov 10, 2025, 9:50:36 PM",$1.00
7436001,Bid Date,BidAmount
7436001,"Nov 16, 2025, 12:58:06 AM",$21.00
7436001,"Nov 16, 2025, 12:58:06 AM",$20.00
7436001,"Nov 16, 2025, 12:49:22 AM",$18.00
7436001,"Nov 16, 2025, 12:49:22 AM",$15.00
7436001,"Nov 15, 2025, 4:22:24 PM",$11.00
7436001,"Nov 15, 2025, 4:22:11 PM",$10.00
7436001,"Nov 15, 2025, 4:22:12 PM",$10.00
7436001,"Nov 15, 2025, 4:22:00 PM",$9.00
7436001,"Nov 15, 2025, 4:22:00 PM",$8.00
7436001,"Nov 15, 2025, 4:21:43 PM",$7.00
7436001,"Nov 15, 2025, 4:21:43 PM",$6.00
7436001,"Nov 15, 2025, 4:21:24 PM",$5.00
7436001,"Nov 15, 2025, 4:21:24 PM",$4.00
7436001,"Nov 14, 2025, 2:57:07 PM",$3.00
7436001,"Nov 14, 2025, 2:57:07 PM",$2.00
7436001,"Nov 10, 2025, 4:19:13 PM",$1.00
7436002,Bid Date,BidAmount
7436002,"Nov 14, 2025, 9:54:38 PM",$6.00
7436002,"Nov 14, 2025, 9:54:38 PM",$5.00
7436002,"Nov 10, 2025, 4:19:35 PM",$1.00
7436003,Bid Date,BidAmount
7436003,"Nov 16, 2025, 12:42:56 AM",$11.00
7436003,"Nov 16, 2025, 12:42:37 AM",$10.00
7436003,"Nov 16, 2025, 12:42:38 AM",$10.00
7436003,"Nov 16, 2025, 12:42:20 AM",$9.00
7436003,"Nov 16, 2025, 12:42:20 AM",$8.00
7436003,"Nov 16, 2025, 12:42:06 AM",$7.00
7436003,"Nov 16, 2025, 12:42:06 AM",$6.00
7436003,"Nov 16, 2025, 12:41:52 AM",$5.00
7436003,"Nov 16, 2025, 12:41:52 AM",$4.00
7436003,"Nov 16, 2025, 12:41:41 AM",$3.00
7436003,"Nov 16, 2025, 12:41:41 AM",$2.00
7436003,"Nov 15, 2025, 6:42:36 PM",$1.00
7436004,Bid Date,BidAmount
7436004,"Nov 16, 2025, 12:31:07 AM",$6.00
7436004,"Nov 16, 2025, 12:21:18 AM",$5.00
7436004,"Nov 16, 2025, 12:21:18 AM",$4.00
7436004,"Nov 16, 2025, 12:19:46 AM",$3.00
7436004,"Nov 16, 2025, 12:19:46 AM",$2.00
7436004,"Nov 10, 2025, 11:33:18 AM",$1.00
7436005,Bid Date,BidAmount
7436005,"Nov 16, 2025, 12:41:06 AM",$43.00
7436005,"Nov 16, 2025, 12:40:47 AM",$40.00
7436005,"Nov 16, 2025, 12:40:47 AM",$38.00
7436005,"Nov 16, 2025, 12:40:20 AM",$35.00
7436005,"Nov 16, 2025, 12:40:20 AM",$32.00
7436005,"Nov 16, 2025, 12:40:06 AM",$29.00
7436005,"Nov 16, 2025, 12:40:06 AM",$26.00
7436005,"Nov 16, 2025, 12:04:53 AM",$23.00
7436005,"Nov 16, 2025, 12:04:53 AM",$20.00
7436005,"Nov 15, 2025, 7:11:36 PM",$14.00
7436005,"Nov 15, 2025, 2:40:52 PM",$11.00
7436005,"Nov 15, 2025, 2:40:52 PM",$10.00
7436005,"Nov 15, 2025, 11:35:13 AM",$6.00
7436005,"Nov 15, 2025, 11:35:13 AM",$5.00
7436005,"Nov 14, 2025, 2:32:10 AM",$1.00
7436006,Bid Date,BidAmount
7436006,"Nov 16, 2025, 12:59:39 AM",$31.00
7436006,"Nov 16, 2025, 12:59:25 AM",$28.00
7436006,"Nov 16, 2025, 12:59:25 AM",$26.00
7436006,"Nov 15, 2025, 11:58:13 PM",$23.00
7436006,"Nov 15, 2025, 5:05:28 PM",$20.00
7436006,"Nov 15, 2025, 5:05:29 PM",$20.00
7436006,"Nov 15, 2025, 12:13:51 AM",$17.00
7436006,"Nov 14, 2025, 7:31:27 PM",$14.00
7436006,"Nov 14, 2025, 7:09:59 PM",$11.00
7436006,"Nov 14, 2025, 7:09:54 PM",$10.00
7436006,"Nov 14, 2025, 7:09:54 PM",$9.00
7436006,"Nov 14, 2025, 7:09:50 PM",$8.00
7436006,"Nov 14, 2025, 7:09:50 PM",$7.00
7436006,"Nov 14, 2025, 5:23:30 PM",$6.00
7436006,"Nov 14, 2025, 5:23:22 PM",$5.00
7436006,"Nov 14, 2025, 5:23:23 PM",$5.00
7436006,"Nov 14, 2025, 2:32:36 AM",$1.00
7436007,Bid Date,BidAmount
7436007,"Nov 16, 2025, 12:53:50 AM",$150.01
7436007,"Nov 16, 2025, 12:53:50 AM",$150.00
7436007,"Nov 16, 2025, 12:53:36 AM",$140.01
7436007,"Nov 16, 2025, 12:53:36 AM",$130.01
7436007,"Nov 15, 2025, 11:04:32 PM",$120.01
7436007,"Nov 15, 2025, 9:11:13 PM",$110.01
7436007,"Nov 15, 2025, 9:11:07 PM",$100.01
7436007,"Nov 15, 2025, 9:11:08 PM",$100.01
7436007,"Nov 15, 2025, 8:36:41 PM",$85.01
7436007,"Nov 15, 2025, 7:51:56 PM",$80.01
7436007,"Nov 15, 2025, 7:51:01 PM",$75.01
7436007,"Nov 15, 2025, 7:51:01 PM",$70.01
7436007,"Nov 15, 2025, 7:50:50 PM",$65.01
7436007,"Nov 15, 2025, 7:50:50 PM",$60.01
7436007,"Nov 15, 2025, 6:38:11 PM",$55.01
7436007,"Nov 15, 2025, 2:36:04 PM",$50.01
7436007,"Nov 15, 2025, 2:36:04 PM",$50.00
7436007,"Nov 14, 2025, 3:57:32 AM",$45.01
7436007,"Nov 14, 2025, 2:23:17 AM",$40.01
7436007,"Nov 14, 2025, 2:23:17 AM",$40.00
7436007,"Nov 14, 2025, 2:23:02 AM",$35.01
7436007,"Nov 14, 2025, 2:23:02 AM",$32.01
7436007,"Nov 12, 2025, 5:46:40 PM",$23.01
7436007,"Nov 12, 2025, 5:46:40 PM",$20.01
7436007,"Nov 12, 2025, 5:28:32 PM",$3.00
7436007,"Nov 12, 2025, 5:18:19 AM",$2.00
7436007,"Nov 9, 2025, 11:54:06 PM",$1.00
7436008,Bid Date,BidAmount
7436008,"Nov 16, 2025, 1:14:18 AM",$290.00
7436008,"Nov 16, 2025, 1:12:30 AM",$280.00
7436008,"Nov 16, 2025, 1:11:32 AM",$270.00
7436008,"Nov 16, 2025, 1:09:40 AM",$260.00
7436008,"Nov 16, 2025, 1:08:01 AM",$250.00
7436008,"Nov 16, 2025, 1:06:09 AM",$240.00
7436008,"Nov 16, 2025, 1:05:33 AM",$230.00
7436008,"Nov 16, 2025, 1:03:48 AM",$220.00
7436008,"Nov 16, 2025, 1:03:48 AM",$210.27
7436008,"Nov 16, 2025, 1:03:17 AM",$210.00
7436008,"Nov 16, 2025, 1:02:21 AM",$200.00
7436008,"Nov 16, 2025, 1:01:16 AM",$190.00
7436008,"Nov 16, 2025, 12:59:45 AM",$180.00
7436008,"Nov 16, 2025, 12:59:10 AM",$170.00
7436008,"Nov 16, 2025, 12:59:11 AM",$170.00
7436008,"Nov 16, 2025, 12:58:42 AM",$160.00
7436008,"Nov 16, 2025, 12:58:43 AM",$160.00
7436008,"Nov 16, 2025, 12:58:11 AM",$150.00
7436008,"Nov 16, 2025, 12:58:11 AM",$145.01
7436008,"Nov 16, 2025, 12:57:47 AM",$135.01
7436008,"Nov 16, 2025, 12:57:47 AM",$125.01
7436008,"Nov 16, 2025, 12:56:56 AM",$115.01
7436008,"Nov 16, 2025, 12:56:56 AM",$105.01
7436008,"Nov 16, 2025, 12:55:49 AM",$105.00
7436008,"Nov 16, 2025, 12:55:26 AM",$100.00
7436008,"Nov 16, 2025, 12:55:26 AM",$95.01
7436008,"Nov 16, 2025, 12:54:48 AM",$90.01
7436008,"Nov 16, 2025, 12:54:48 AM",$85.01
7436008,"Nov 16, 2025, 12:54:15 AM",$80.01
7436008,"Nov 16, 2025, 12:37:39 AM",$75.01
7436008,"Nov 16, 2025, 12:37:09 AM",$70.01
7436008,"Nov 16, 2025, 12:37:10 AM",$70.01
7436008,"Nov 16, 2025, 12:36:45 AM",$65.01
7436008,"Nov 16, 2025, 12:36:45 AM",$60.01
7436008,"Nov 15, 2025, 7:51:23 PM",$55.01
7436008,"Nov 15, 2025, 2:35:41 PM",$50.01
7436008,"Nov 15, 2025, 2:35:41 PM",$50.00
7436008,"Nov 14, 2025, 3:57:41 AM",$45.01
7436008,"Nov 14, 2025, 2:22:15 AM",$40.01
7436008,"Nov 14, 2025, 2:22:15 AM",$40.00
7436008,"Nov 14, 2025, 2:21:49 AM",$35.01
7436008,"Nov 14, 2025, 2:21:49 AM",$32.01
7436008,"Nov 14, 2025, 2:21:24 AM",$29.01
7436008,"Nov 14, 2025, 2:21:24 AM",$26.01
7436008,"Nov 12, 2025, 5:46:55 PM",$23.01
7436008,"Nov 12, 2025, 5:46:55 PM",$20.01
7436008,"Nov 12, 2025, 5:28:11 PM",$3.00
7436008,"Nov 12, 2025, 5:17:59 AM",$2.00
7436008,"Nov 9, 2025, 11:53:33 PM",$1.00
7436009,Bid Date,BidAmount
7436009,"Nov 16, 2025, 12:11:57 AM",$17.00
7436009,"Nov 16, 2025, 12:11:41 AM",$14.00
7436009,"Nov 16, 2025, 12:11:41 AM",$12.00
7436009,"Nov 16, 2025, 12:09:58 AM",$11.00
7436009,"Nov 16, 2025, 12:09:52 AM",$10.00
7436009,"Nov 16, 2025, 12:09:53 AM",$10.00
7436009,"Nov 16, 2025, 12:09:43 AM",$9.00
7436009,"Nov 16, 2025, 12:09:43 AM",$8.00
7436009,"Nov 16, 2025, 12:09:34 AM",$7.00
7436009,"Nov 16, 2025, 12:09:34 AM",$6.00
7436009,"Nov 16, 2025, 12:09:23 AM",$5.00
7436009,"Nov 16, 2025, 12:09:23 AM",$4.00
7436009,"Nov 15, 2025, 10:14:16 PM",$3.00
7436009,"Nov 15, 2025, 10:14:16 PM",$2.00
7436009,"Nov 13, 2025, 6:50:04 PM",$1.00
7436010,Bid Date,BidAmount
7436010,"Nov 16, 2025, 1:03:52 AM",$33.00
7436010,"Nov 16, 2025, 1:03:37 AM",$30.00
7436010,"Nov 16, 2025, 1:02:56 AM",$27.00
7436010,"Nov 16, 2025, 1:02:37 AM",$24.00
7436010,"Nov 16, 2025, 1:01:52 AM",$21.00
7436010,"Nov 16, 2025, 1:01:31 AM",$18.00
7436010,"Nov 16, 2025, 1:01:15 AM",$15.00
7436010,"Nov 16, 2025, 1:01:15 AM",$14.00
7436010,"Nov 16, 2025, 1:01:01 AM",$11.00
7436010,"Nov 16, 2025, 1:00:57 AM",$10.00
7436010,"Nov 16, 2025, 1:00:58 AM",$10.00
7436010,"Nov 16, 2025, 1:00:40 AM",$4.00
7436010,"Nov 16, 2025, 12:49:28 AM",$3.00
7436010,"Nov 16, 2025, 12:49:05 AM",$2.00
7436010,"Nov 16, 2025, 12:28:08 AM",$1.00
7436011,Bid Date,BidAmount
7436011,"Nov 16, 2025, 1:01:26 AM",$101.00
7436011,"Nov 15, 2025, 2:34:51 AM",$96.00
7436011,"Nov 15, 2025, 2:34:51 AM",$94.00
7436011,"Nov 15, 2025, 12:07:27 AM",$91.00
7436011,"Nov 14, 2025, 7:19:47 PM",$86.00
7436011,"Nov 14, 2025, 7:19:47 PM",$85.00
7436011,"Nov 14, 2025, 7:19:43 PM",$81.00
7436011,"Nov 14, 2025, 7:19:43 PM",$76.00
7436011,"Nov 14, 2025, 7:19:37 PM",$71.00
7436011,"Nov 14, 2025, 7:19:37 PM",$66.00
7436011,"Nov 14, 2025, 7:19:32 PM",$61.00
7436011,"Nov 14, 2025, 7:19:32 PM",$56.00
7436011,"Nov 14, 2025, 7:19:19 PM",$51.00
7436011,"Nov 14, 2025, 7:19:19 PM",$46.00
7436011,"Nov 14, 2025, 7:19:08 PM",$41.00
7436011,"Nov 14, 2025, 7:19:08 PM",$38.00
7436011,"Nov 14, 2025, 7:18:57 PM",$35.00
7436011,"Nov 14, 2025, 7:18:57 PM",$32.00
7436011,"Nov 14, 2025, 7:18:38 PM",$29.00
7436011,"Nov 14, 2025, 7:18:38 PM",$26.00
7436011,"Nov 13, 2025, 12:30:28 AM",$23.00
7436011,"Nov 13, 2025, 12:30:28 AM",$20.00
7436011,"Nov 11, 2025, 3:00:57 PM",$11.00
7436011,"Nov 11, 2025, 3:00:57 PM",$10.00
7436011,"Nov 10, 2025, 4:20:13 PM",$1.00
7436012,Bid Date,BidAmount
7436012,"Nov 16, 2025, 12:53:03 AM",$19.00
7436012,"Nov 16, 2025, 12:53:03 AM",$16.00
7436012,"Nov 11, 2025, 10:38:46 PM",$11.00
7436012,"Nov 11, 2025, 10:38:32 PM",$10.00
7436012,"Nov 11, 2025, 10:38:33 PM",$10.00
7436012,"Nov 11, 2025, 10:38:16 PM",$7.00
7436012,"Nov 11, 2025, 10:38:16 PM",$6.00
7436012,"Nov 11, 2025, 10:37:50 PM",$4.00
7436012,"Nov 11, 2025, 10:37:50 PM",$3.00
7436012,"Nov 10, 2025, 4:20:27 PM",$1.00
7436013,Bid Date,BidAmount
7436013,"Nov 16, 2025, 1:09:04 AM",$32.00
7436013,"Nov 16, 2025, 1:08:57 AM",$29.00
7436013,"Nov 16, 2025, 1:07:14 AM",$26.00
7436013,"Nov 16, 2025, 1:07:07 AM",$23.00
7436013,"Nov 16, 2025, 1:06:55 AM",$20.00
7436013,"Nov 16, 2025, 1:06:49 AM",$17.00
7436013,"Nov 16, 2025, 1:05:26 AM",$14.00
7436013,"Nov 16, 2025, 1:05:19 AM",$11.00
7436013,"Nov 16, 2025, 1:04:46 AM",$10.00
7436013,"Nov 16, 2025, 1:04:33 AM",$9.00
7436013,"Nov 16, 2025, 1:03:21 AM",$8.00
7436013,"Nov 16, 2025, 1:03:15 AM",$7.00
7436013,"Nov 16, 2025, 1:01:16 AM",$6.00
7436013,"Nov 15, 2025, 12:30:58 AM",$5.00
7436013,"Nov 15, 2025, 12:30:58 AM",$4.00
7436013,"Nov 15, 2025, 12:30:16 AM",$3.00
7436013,"Nov 15, 2025, 12:30:16 AM",$2.00
7436013,"Nov 14, 2025, 11:22:31 AM",$1.00
7436014,Bid Date,BidAmount
7436014,"Nov 16, 2025, 12:56:29 AM",$31.00
7436014,"Nov 16, 2025, 12:49:34 AM",$28.00
7436014,"Nov 15, 2025, 8:01:29 PM",$25.00
7436014,"Nov 15, 2025, 8:01:17 PM",$22.00
7436014,"Nov 15, 2025, 8:01:17 PM",$20.00
7436014,"Nov 15, 2025, 7:56:09 PM",$17.00
7436014,"Nov 15, 2025, 4:24:14 PM",$14.00
7436014,"Nov 15, 2025, 4:24:14 PM",$12.00
7436014,"Nov 14, 2025, 11:48:18 PM",$11.00
7436014,"Nov 13, 2025, 11:44:17 PM",$10.00
7436014,"Nov 13, 2025, 11:44:18 PM",$10.00
7436014,"Nov 13, 2025, 11:43:56 PM",$5.00
7436014,"Nov 13, 2025, 11:43:56 PM",$4.00
7436014,"Nov 11, 2025, 3:06:23 AM",$3.00
7436014,"Nov 11, 2025, 1:36:20 AM",$2.00
7436014,"Nov 10, 2025, 1:16:24 AM",$1.00
7436015,Bid Date,BidAmount
7436015,"Nov 16, 2025, 1:01:55 AM",$33.00
7436015,"Nov 16, 2025, 1:01:55 AM",$30.00
7436015,"Nov 16, 2025, 1:01:33 AM",$29.51
7436015,"Nov 16, 2025, 1:01:33 AM",$26.51
7436015,"Nov 15, 2025, 11:05:19 PM",$23.00
7436015,"Nov 15, 2025, 10:45:19 PM",$20.00
7436015,"Nov 15, 2025, 10:45:19 PM",$17.00
7436015,"Nov 15, 2025, 10:04:14 PM",$14.00
7436015,"Nov 15, 2025, 10:04:14 PM",$12.00
7436015,"Nov 15, 2025, 10:03:35 PM",$11.00
7436015,"Nov 15, 2025, 10:03:35 PM",$10.00
7436015,"Nov 15, 2025, 9:59:01 PM",$8.00
7436015,"Nov 15, 2025, 9:57:39 PM",$7.00
7436015,"Nov 15, 2025, 9:57:39 PM",$6.00
7436015,"Nov 15, 2025, 8:43:47 PM",$4.00
7436015,"Nov 15, 2025, 12:18:36 AM",$3.00
7436015,"Nov 14, 2025, 2:50:12 PM",$2.00
7436015,"Nov 11, 2025, 6:47:42 PM",$1.00
7436016,Bid Date,BidAmount
7436016,"Nov 15, 2025, 8:27:13 PM",$11.00
7436016,"Nov 15, 2025, 8:27:13 PM",$10.00
7436016,"Nov 15, 2025, 8:27:02 PM",$6.00
7436016,"Nov 15, 2025, 8:27:02 PM",$5.00
7436016,"Nov 15, 2025, 4:59:30 PM",$2.00
7436016,"Nov 15, 2025, 9:50:00 AM",$1.00
7436017,Bid Date,BidAmount
7436017,"Nov 16, 2025, 1:04:50 AM",$36.00
7436017,"Nov 16, 2025, 1:04:50 AM",$34.00
7436017,"Nov 16, 2025, 1:04:26 AM",$33.00
7436017,"Nov 16, 2025, 1:04:19 AM",$30.00
7436017,"Nov 16, 2025, 1:04:19 AM",$28.00
7436017,"Nov 16, 2025, 1:03:30 AM",$27.00
7436017,"Nov 16, 2025, 1:02:54 AM",$24.00
7436017,"Nov 16, 2025, 1:02:36 AM",$21.00
7436017,"Nov 16, 2025, 1:02:36 AM",$20.00
7436017,"Nov 16, 2025, 12:00:04 AM",$16.00
7436017,"Nov 16, 2025, 12:00:04 AM",$15.00
7436017,"Nov 15, 2025, 8:00:42 PM",$11.00
7436017,"Nov 15, 2025, 8:00:21 PM",$10.00
7436017,"Nov 15, 2025, 8:00:22 PM",$10.00
7436017,"Nov 14, 2025, 5:18:11 PM",$3.00
7436017,"Nov 14, 2025, 3:27:50 AM",$2.00
7436017,"Nov 13, 2025, 11:47:30 PM",$1.00
7436018,Bid Date,BidAmount
7436018,"Nov 16, 2025, 1:02:19 AM",$3.00
7436018,"Nov 16, 2025, 12:45:56 AM",$2.00
7436018,"Nov 16, 2025, 12:45:57 AM",$2.00
7436018,"Nov 14, 2025, 3:00:07 PM",$1.00
7436019,Bid Date,BidAmount
7436019,"Nov 16, 2025, 1:05:48 AM",$48.00
7436019,"Nov 16, 2025, 1:05:26 AM",$43.00
7436019,"Nov 16, 2025, 1:04:43 AM",$40.00
7436019,"Nov 16, 2025, 1:04:43 AM",$39.00
7436019,"Nov 16, 2025, 1:04:09 AM",$36.00
7436019,"Nov 16, 2025, 1:03:47 AM",$33.00
7436019,"Nov 16, 2025, 1:03:48 AM",$33.00
7436019,"Nov 16, 2025, 1:02:41 AM",$30.00
7436019,"Nov 16, 2025, 12:49:50 AM",$27.00
7436019,"Nov 16, 2025, 12:49:50 AM",$25.00
7436019,"Nov 16, 2025, 12:24:28 AM",$24.00
7436019,"Nov 16, 2025, 12:24:28 AM",$21.00
7436019,"Nov 16, 2025, 12:23:59 AM",$20.00
7436019,"Nov 16, 2025, 12:23:59 AM",$17.00
7436019,"Nov 16, 2025, 12:22:53 AM",$14.00
7436019,"Nov 16, 2025, 12:22:53 AM",$11.00
7436019,"Nov 16, 2025, 12:22:38 AM",$10.00
7436019,"Nov 16, 2025, 12:22:38 AM",$9.00
7436019,"Nov 14, 2025, 2:09:29 PM",$8.00
7436019,"Nov 14, 2025, 1:53:43 PM",$7.00
7436019,"Nov 11, 2025, 10:59:14 PM",$6.00
7436019,"Nov 11, 2025, 10:59:09 PM",$5.00
7436019,"Nov 11, 2025, 10:59:09 PM",$4.00
7436019,"Nov 11, 2025, 10:59:04 PM",$3.00
7436019,"Nov 11, 2025, 10:59:04 PM",$2.00
7436019,"Nov 11, 2025, 3:13:33 AM",$1.00
7436020,Bid Date,BidAmount
7436020,"Nov 16, 2025, 1:07:45 AM",$200.00
7436020,"Nov 16, 2025, 1:07:07 AM",$190.00
7436020,"Nov 16, 2025, 1:06:52 AM",$180.00
7436020,"Nov 16, 2025, 1:06:52 AM",$175.00
7436020,"Nov 16, 2025, 1:06:14 AM",$165.00
7436020,"Nov 16, 2025, 1:06:08 AM",$155.00
7436020,"Nov 16, 2025, 1:06:08 AM",$150.00
7436020,"Nov 16, 2025, 1:05:41 AM",$130.00
7436020,"Nov 16, 2025, 1:05:10 AM",$120.00
7436020,"Nov 16, 2025, 1:05:10 AM",$110.77
7436020,"Nov 16, 2025, 1:05:05 AM",$105.00
7436020,"Nov 16, 2025, 1:05:05 AM",$100.00
7436020,"Nov 16, 2025, 1:04:57 AM",$93.88
7436020,"Nov 16, 2025, 1:04:57 AM",$88.88
7436020,"Nov 16, 2025, 1:04:31 AM",$82.77
7436020,"Nov 16, 2025, 1:04:31 AM",$77.77
7436020,"Nov 16, 2025, 1:04:14 AM",$65.00
7436020,"Nov 16, 2025, 1:04:14 AM",$60.00
7436020,"Nov 16, 2025, 1:04:02 AM",$55.00
7436020,"Nov 16, 2025, 1:04:02 AM",$50.00
7436020,"Nov 16, 2025, 1:03:51 AM",$43.00
7436020,"Nov 16, 2025, 1:03:51 AM",$40.00
7436020,"Nov 16, 2025, 1:03:24 AM",$25.00
7436020,"Nov 16, 2025, 1:03:24 AM",$22.00
7436020,"Nov 16, 2025, 12:57:24 AM",$19.00
7436020,"Nov 16, 2025, 12:57:24 AM",$16.00
7436020,"Nov 16, 2025, 12:56:25 AM",$11.00
7436020,"Nov 16, 2025, 12:56:18 AM",$10.00
7436020,"Nov 16, 2025, 12:56:19 AM",$10.00
7436020,"Nov 16, 2025, 12:56:04 AM",$4.00
7436020,"Nov 16, 2025, 12:56:04 AM",$3.00
7436020,"Nov 15, 2025, 3:16:27 PM",$2.00
7436020,"Nov 10, 2025, 1:38:56 AM",$1.00
7436021,Bid Date,BidAmount
7436021,"Nov 16, 2025, 12:44:15 AM",$42.00
7436021,"Nov 16, 2025, 12:35:19 AM",$39.00
7436021,"Nov 16, 2025, 12:33:42 AM",$36.00
7436021,"Nov 16, 2025, 12:28:03 AM",$33.00
7436021,"Nov 16, 2025, 12:28:03 AM",$30.00
7436021,"Nov 16, 2025, 12:25:10 AM",$29.00
7436021,"Nov 15, 2025, 10:08:26 PM",$26.00
7436021,"Nov 15, 2025, 10:08:26 PM",$25.00
7436021,"Nov 15, 2025, 10:07:31 PM",$23.00
7436021,"Nov 15, 2025, 10:07:30 PM",$20.00
7436021,"Nov 15, 2025, 8:27:45 PM",$18.00
7436021,"Nov 15, 2025, 8:27:37 PM",$15.00
7436021,"Nov 15, 2025, 8:27:38 PM",$15.00
7436021,"Nov 15, 2025, 5:02:48 PM",$11.00
7436021,"Nov 15, 2025, 5:02:48 PM",$10.00
7436021,"Nov 15, 2025, 4:42:35 PM",$9.00
7436021,"Nov 15, 2025, 9:56:48 AM",$8.00
7436021,"Nov 14, 2025, 10:27:33 AM",$7.00
7436021,"Nov 14, 2025, 10:27:33 AM",$6.00
7436021,"Nov 14, 2025, 2:35:38 AM",$4.00
7436021,"Nov 13, 2025, 11:53:08 PM",$3.00
7436021,"Nov 13, 2025, 2:48:29 AM",$2.00
7436021,"Nov 12, 2025, 1:37:34 AM",$1.00
7436022,Bid Date,BidAmount
7436022,"Nov 16, 2025, 1:00:27 AM",$47.00
7436022,"Nov 16, 2025, 12:54:05 AM",$42.00
7436022,"Nov 16, 2025, 12:53:59 AM",$39.00
7436022,"Nov 16, 2025, 12:53:59 AM",$36.00
7436022,"Nov 16, 2025, 12:44:24 AM",$33.00
7436022,"Nov 16, 2025, 12:35:54 AM",$30.00
7436022,"Nov 16, 2025, 12:34:32 AM",$27.00
7436022,"Nov 16, 2025, 12:33:58 AM",$24.00
7436022,"Nov 16, 2025, 12:19:01 AM",$21.00
7436022,"Nov 16, 2025, 12:19:01 AM",$18.40
7436022,"Nov 13, 2025, 11:41:57 PM",$18.00
7436022,"Nov 11, 2025, 2:09:26 PM",$15.00
7436022,"Nov 11, 2025, 1:38:03 PM",$12.00
7436022,"Nov 11, 2025, 1:38:03 PM",$11.00
7436022,"Nov 11, 2025, 1:37:57 PM",$9.00
7436022,"Nov 11, 2025, 1:37:57 PM",$8.00
7436022,"Nov 11, 2025, 1:37:46 PM",$6.00
7436022,"Nov 11, 2025, 1:37:46 PM",$5.00
7436022,"Nov 11, 2025, 3:08:43 AM",$2.00
7436022,"Nov 10, 2025, 9:53:18 PM",$1.00
7436023,Bid Date,BidAmount
7436023,"Nov 16, 2025, 1:03:26 AM",$6.00
7436023,"Nov 16, 2025, 1:03:15 AM",$5.00
7436023,"Nov 16, 2025, 1:03:15 AM",$4.00
7436023,"Nov 14, 2025, 2:58:09 PM",$3.00
7436023,"Nov 14, 2025, 2:58:09 PM",$2.00
7436023,"Nov 14, 2025, 2:33:04 AM",$1.00
7436024,Bid Date,BidAmount
7436024,"Nov 16, 2025, 1:03:08 AM",$28.00
7436024,"Nov 15, 2025, 10:07:50 PM",$25.00
7436024,"Nov 15, 2025, 5:59:52 PM",$22.00
7436024,"Nov 15, 2025, 5:59:52 PM",$21.00
7436024,"Nov 15, 2025, 5:23:26 PM",$18.00
7436024,"Nov 15, 2025, 11:35:57 AM",$15.00
7436024,"Nov 15, 2025, 11:35:57 AM",$14.00
7436024,"Nov 13, 2025, 4:02:16 PM",$11.00
7436024,"Nov 13, 2025, 4:02:16 PM",$10.00
7436024,"Nov 13, 2025, 2:30:13 PM",$9.00
7436024,"Nov 13, 2025, 2:30:13 PM",$8.00
7436024,"Nov 13, 2025, 1:41:52 PM",$7.00
7436024,"Nov 13, 2025, 1:07:35 PM",$6.00
7436024,"Nov 13, 2025, 1:07:21 PM",$5.00
7436024,"Nov 13, 2025, 1:07:22 PM",$5.00
7436024,"Nov 13, 2025, 9:03:11 AM",$4.00
7436024,"Nov 13, 2025, 8:54:11 AM",$3.00
7436024,"Nov 13, 2025, 2:49:14 AM",$2.00
7436024,"Nov 12, 2025, 9:35:27 PM",$1.00
7436025,Bid Date,BidAmount
7436025,"Nov 13, 2025, 1:06:09 PM",$87.00
7436025,"Nov 13, 2025, 1:06:09 PM",$82.00
7436025,"Nov 13, 2025, 1:05:43 PM",$77.00
7436025,"Nov 13, 2025, 1:05:43 PM",$72.00
7436025,"Nov 13, 2025, 1:05:07 PM",$67.00
7436025,"Nov 13, 2025, 1:05:07 PM",$62.00
7436025,"Nov 13, 2025, 1:04:47 PM",$57.00
7436025,"Nov 13, 2025, 1:04:47 PM",$52.00
7436025,"Nov 13, 2025, 1:04:27 PM",$47.00
7436025,"Nov 13, 2025, 1:04:27 PM",$42.00
7436025,"Nov 12, 2025, 1:22:14 PM",$39.00
7436025,"Nov 12, 2025, 1:22:14 PM",$36.00
7436025,"Nov 12, 2025, 1:21:38 PM",$33.00
7436025,"Nov 12, 2025, 1:21:38 PM",$30.00
7436025,"Nov 12, 2025, 1:20:30 PM",$27.00
7436025,"Nov 12, 2025, 1:20:30 PM",$24.00
7436025,"Nov 12, 2025, 3:15:01 AM",$21.00
7436025,"Nov 12, 2025, 3:15:01 AM",$18.00
7436025,"Nov 11, 2025, 2:59:47 PM",$15.00
7436025,"Nov 11, 2025, 2:59:47 PM",$12.00
7436025,"Nov 11, 2025, 2:16:43 PM",$11.00
7436025,"Nov 11, 2025, 2:16:43 PM",$10.00
7436025,"Nov 11, 2025, 1:36:57 PM",$7.00
7436025,"Nov 11, 2025, 1:36:52 PM",$6.00
7436025,"Nov 11, 2025, 1:36:53 PM",$6.00
7436025,"Nov 11, 2025, 1:36:43 PM",$5.00
7436025,"Nov 11, 2025, 1:36:43 PM",$4.00
7436025,"Nov 11, 2025, 3:09:47 AM",$3.00
7436025,"Nov 11, 2025, 3:09:47 AM",$2.00
7436025,"Nov 10, 2025, 9:48:26 PM",$1.00
7436026,Bid Date,BidAmount
7436026,"Nov 16, 2025, 1:10:13 AM",$84.00
7436026,"Nov 16, 2025, 1:09:19 AM",$79.00
7436026,"Nov 16, 2025, 1:09:19 AM",$75.00
7436026,"Nov 16, 2025, 1:08:04 AM",$73.00
7436026,"Nov 16, 2025, 1:07:43 AM",$68.00
7436026,"Nov 16, 2025, 1:07:30 AM",$63.00
7436026,"Nov 16, 2025, 1:07:30 AM",$61.00
7436026,"Nov 15, 2025, 2:53:49 AM",$55.00
7436026,"Nov 15, 2025, 2:53:44 AM",$50.00
7436026,"Nov 15, 2025, 2:53:45 AM",$50.00
7436026,"Nov 15, 2025, 2:53:37 AM",$43.00
7436026,"Nov 15, 2025, 2:53:37 AM",$40.00
7436026,"Nov 15, 2025, 2:53:27 AM",$33.00
7436026,"Nov 15, 2025, 2:53:27 AM",$30.00
7436026,"Nov 15, 2025, 2:52:49 AM",$23.00
7436026,"Nov 15, 2025, 2:52:49 AM",$20.00
7436026,"Nov 11, 2025, 3:07:18 AM",$18.00
7436026,"Nov 11, 2025, 3:07:18 AM",$15.00
7436026,"Nov 11, 2025, 3:06:57 AM",$11.00
7436026,"Nov 11, 2025, 3:06:57 AM",$10.00
7436026,"Nov 10, 2025, 9:45:46 PM",$2.00
7436026,"Nov 10, 2025, 1:15:20 AM",$1.00
7436027,Bid Date,BidAmount
7436027,"Nov 16, 2025, 1:10:06 AM",$62.00
7436027,"Nov 16, 2025, 1:09:15 AM",$57.00
7436027,"Nov 16, 2025, 1:08:29 AM",$52.00
7436027,"Nov 16, 2025, 1:07:23 AM",$47.00
7436027,"Nov 16, 2025, 1:07:16 AM",$42.00
7436027,"Nov 16, 2025, 1:07:16 AM",$41.00
7436027,"Nov 16, 2025, 1:06:50 AM",$39.00
7436027,"Nov 16, 2025, 1:06:21 AM",$36.00
7436027,"Nov 16, 2025, 1:06:08 AM",$33.00
7436027,"Nov 16, 2025, 1:06:08 AM",$31.00
7436027,"Nov 16, 2025, 1:04:39 AM",$28.00
7436027,"Nov 16, 2025, 1:04:39 AM",$26.00
7436027,"Nov 16, 2025, 1:04:29 AM",$25.00
7436027,"Nov 16, 2025, 1:04:29 AM",$22.00
7436027,"Nov 16, 2025, 1:04:04 AM",$21.00
7436027,"Nov 16, 2025, 1:03:47 AM",$18.00
7436027,"Nov 16, 2025, 1:03:34 AM",$15.00
7436027,"Nov 16, 2025, 1:03:31 AM",$12.00
7436027,"Nov 16, 2025, 1:03:32 AM",$12.00
7436027,"Nov 16, 2025, 12:57:07 AM",$7.00
7436027,"Nov 16, 2025, 12:56:38 AM",$6.00
7436027,"Nov 16, 2025, 12:52:08 AM",$5.00
7436027,"Nov 16, 2025, 12:52:08 AM",$4.00
7436027,"Nov 13, 2025, 11:46:12 PM",$3.00
7436027,"Nov 13, 2025, 11:46:06 PM",$2.00
7436027,"Nov 13, 2025, 11:46:07 PM",$2.00
7436027,"Nov 11, 2025, 3:58:50 AM",$1.00
7436028,Bid Date,BidAmount
7436028,"Nov 16, 2025, 1:05:53 AM",$33.00
7436028,"Nov 16, 2025, 1:05:42 AM",$30.00
7436028,"Nov 16, 2025, 12:52:55 AM",$27.00
7436028,"Nov 16, 2025, 12:52:55 AM",$24.00
7436028,"Nov 16, 2025, 12:51:06 AM",$23.00
7436028,"Nov 16, 2025, 12:50:38 AM",$20.00
7436028,"Nov 16, 2025, 12:50:38 AM",$17.00
7436028,"Nov 15, 2025, 8:03:07 PM",$14.00
7436028,"Nov 15, 2025, 8:02:22 PM",$11.00
7436028,"Nov 15, 2025, 8:02:22 PM",$10.00
7436028,"Nov 15, 2025, 8:01:53 PM",$9.00
7436028,"Nov 15, 2025, 8:01:53 PM",$8.00
7436028,"Nov 14, 2025, 11:50:24 PM",$6.00
7436028,"Nov 14, 2025, 11:50:24 PM",$5.00
7436028,"Nov 14, 2025, 4:07:15 PM",$3.00
7436028,"Nov 14, 2025, 2:59:03 PM",$2.00
7436028,"Nov 13, 2025, 11:49:25 PM",$1.00
7436029,Bid Date,BidAmount
7436029,"Nov 16, 2025, 12:48:28 AM",$1.00
7436030,Bid Date,BidAmount
7436030,"Nov 16, 2025, 1:10:46 AM",$220.00
7436030,"Nov 16, 2025, 1:10:31 AM",$210.00
7436030,"Nov 16, 2025, 1:10:32 AM",$210.00
7436030,"Nov 16, 2025, 1:09:58 AM",$200.00
7436030,"Nov 16, 2025, 1:09:03 AM",$190.00
7436030,"Nov 16, 2025, 1:08:50 AM",$180.00
7436030,"Nov 16, 2025, 1:08:51 AM",$180.00
7436030,"Nov 16, 2025, 1:08:37 AM",$170.00
7436030,"Nov 16, 2025, 1:08:37 AM",$160.00
7436030,"Nov 16, 2025, 1:08:10 AM",$150.00
7436030,"Nov 16, 2025, 1:08:10 AM",$140.00
7436030,"Nov 16, 2025, 1:07:55 AM",$112.00
7436030,"Nov 16, 2025, 1:07:55 AM",$102.00
7436030,"Nov 16, 2025, 1:07:44 AM",$97.00
7436030,"Nov 16, 2025, 1:07:44 AM",$92.00
7436030,"Nov 16, 2025, 1:07:32 AM",$87.00
7436030,"Nov 16, 2025, 1:07:32 AM",$82.00
7436030,"Nov 16, 2025, 1:07:21 AM",$77.00
7436030,"Nov 16, 2025, 1:07:21 AM",$72.00
7436030,"Nov 16, 2025, 1:07:08 AM",$67.00
7436030,"Nov 16, 2025, 1:07:08 AM",$62.00
7436030,"Nov 16, 2025, 1:06:40 AM",$57.00
7436030,"Nov 16, 2025, 12:57:13 AM",$52.00
7436030,"Nov 16, 2025, 12:56:18 AM",$47.00
7436030,"Nov 16, 2025, 12:54:28 AM",$42.00
7436030,"Nov 16, 2025, 12:54:02 AM",$39.00
7436030,"Nov 16, 2025, 12:53:29 AM",$36.00
7436030,"Nov 16, 2025, 12:52:44 AM",$33.00
7436030,"Nov 16, 2025, 12:52:25 AM",$30.00
7436030,"Nov 16, 2025, 12:51:34 AM",$27.00
7436030,"Nov 16, 2025, 12:34:10 AM",$24.00
7436030,"Nov 16, 2025, 12:02:57 AM",$21.00
7436030,"Nov 16, 2025, 12:02:58 AM",$21.00
7436030,"Nov 14, 2025, 6:40:26 PM",$18.00
7436030,"Nov 14, 2025, 6:39:52 PM",$15.00
7436030,"Nov 14, 2025, 6:39:52 PM",$14.00
7436030,"Nov 12, 2025, 1:50:14 PM",$11.00
7436030,"Nov 12, 2025, 1:49:50 PM",$10.00
7436030,"Nov 12, 2025, 1:49:51 PM",$10.00
7436030,"Nov 12, 2025, 1:49:39 PM",$6.00
7436030,"Nov 12, 2025, 1:49:39 PM",$5.00
7436030,"Nov 12, 2025, 1:49:20 PM",$4.00
7436030,"Nov 12, 2025, 1:49:20 PM",$3.00
7436030,"Nov 10, 2025, 3:41:14 PM",$1.00
7436031,Bid Date,BidAmount
7436031,"Nov 16, 2025, 12:34:47 AM",$2.00
7436031,"Nov 13, 2025, 2:14:01 PM",$1.00
7436032,Bid Date,BidAmount
7436032,"Nov 16, 2025, 12:16:04 AM",$1.00
7436033,Bid Date,BidAmount
7436033,"Nov 16, 2025, 12:23:48 AM",$1.00
7436034,Bid Date,BidAmount
7436034,"Nov 16, 2025, 12:53:03 AM",$33.00
7436034,"Nov 16, 2025, 12:50:40 AM",$30.00
7436034,"Nov 16, 2025, 12:35:27 AM",$27.00
7436034,"Nov 16, 2025, 12:35:27 AM",$25.00
7436034,"Nov 16, 2025, 12:35:04 AM",$24.00
7436034,"Nov 16, 2025, 12:35:04 AM",$21.00
7436034,"Nov 15, 2025, 9:50:34 PM",$18.00
7436034,"Nov 15, 2025, 9:50:27 PM",$15.00
7436034,"Nov 15, 2025, 9:50:28 PM",$15.00
7436034,"Nov 15, 2025, 9:49:43 PM",$11.00
7436034,"Nov 15, 2025, 9:49:43 PM",$10.00
7436034,"Nov 15, 2025, 7:26:05 PM",$8.00
7436034,"Nov 15, 2025, 7:26:05 PM",$7.00
7436034,"Nov 15, 2025, 7:25:43 PM",$6.00
7436034,"Nov 15, 2025, 7:25:43 PM",$5.00
7436034,"Nov 15, 2025, 5:26:02 PM",$4.00
7436034,"Nov 13, 2025, 7:35:52 PM",$3.00
7436034,"Nov 11, 2025, 2:12:05 PM",$2.00
7436034,"Nov 10, 2025, 1:53:52 PM",$1.00
7436035,Bid Date,BidAmount
7436035,"Nov 16, 2025, 1:08:42 AM",$8.00
7436035,"Nov 16, 2025, 1:08:42 AM",$7.00
7436035,"Nov 16, 2025, 12:59:34 AM",$6.00
7436035,"Nov 16, 2025, 12:59:28 AM",$5.00
7436035,"Nov 16, 2025, 12:59:29 AM",$5.00
7436035,"Nov 16, 2025, 12:25:00 AM",$3.00
7436035,"Nov 16, 2025, 12:25:00 AM",$2.00
7436035,"Nov 15, 2025, 7:52:50 PM",$1.00
7436036,Bid Date,BidAmount
7436036,"Nov 16, 2025, 12:59:54 AM",$48.00
7436036,"Nov 16, 2025, 12:59:54 AM",$43.00
7436036,"Nov 16, 2025, 12:53:57 AM",$36.00
7436036,"Nov 16, 2025, 12:53:57 AM",$33.00
7436036,"Nov 15, 2025, 11:02:47 PM",$29.00
7436036,"Nov 15, 2025, 10:37:16 PM",$26.00
7436036,"Nov 15, 2025, 10:37:16 PM",$25.00
7436036,"Nov 15, 2025, 5:06:07 PM",$23.00
7436036,"Nov 15, 2025, 5:06:07 PM",$20.00
7436036,"Nov 15, 2025, 5:05:52 PM",$18.00
7436036,"Nov 15, 2025, 5:05:52 PM",$15.00
7436036,"Nov 15, 2025, 5:57:17 AM",$11.00
7436036,"Nov 15, 2025, 5:57:17 AM",$10.00
7436036,"Nov 15, 2025, 5:57:07 AM",$9.00
7436036,"Nov 15, 2025, 5:57:07 AM",$8.00
7436036,"Nov 15, 2025, 5:57:06 AM",$7.00
7436036,"Nov 15, 2025, 5:57:06 AM",$6.00
7436036,"Nov 15, 2025, 5:57:04 AM",$5.00
7436036,"Nov 15, 2025, 5:57:04 AM",$4.00
7436036,"Nov 15, 2025, 5:57:02 AM",$3.00
7436036,"Nov 15, 2025, 5:57:02 AM",$2.00
7436036,"Nov 14, 2025, 5:18:42 PM",$1.00
7436037,Bid Date,BidAmount
7436037,"Nov 16, 2025, 1:12:47 AM",$8.00
7436037,"Nov 16, 2025, 1:12:12 AM",$7.00
7436037,"Nov 16, 2025, 1:12:13 AM",$7.00
7436037,"Nov 16, 2025, 1:10:16 AM",$6.00
7436037,"Nov 16, 2025, 1:10:02 AM",$5.00
7436037,"Nov 16, 2025, 1:09:15 AM",$4.00
7436037,"Nov 16, 2025, 1:09:03 AM",$3.00
7436037,"Nov 16, 2025, 1:07:14 AM",$2.00
7436037,"Nov 16, 2025, 12:26:07 AM",$1.00
7436038,Bid Date,BidAmount
7436038,"Nov 16, 2025, 1:10:32 AM",$74.00
7436038,"Nov 16, 2025, 1:10:32 AM",$69.00
7436038,"Nov 16, 2025, 1:10:07 AM",$64.00
7436038,"Nov 16, 2025, 1:10:07 AM",$59.00
7436038,"Nov 14, 2025, 11:57:53 PM",$54.00
7436038,"Nov 14, 2025, 11:57:53 PM",$49.00
7436038,"Nov 14, 2025, 11:47:00 PM",$42.00
7436038,"Nov 14, 2025, 11:47:00 PM",$39.00
7436038,"Nov 14, 2025, 11:46:42 PM",$33.00
7436038,"Nov 14, 2025, 11:46:42 PM",$30.00
7436038,"Nov 14, 2025, 11:46:01 PM",$23.00
7436038,"Nov 14, 2025, 11:46:01 PM",$20.00
7436038,"Nov 14, 2025, 11:45:37 PM",$17.00
7436038,"Nov 14, 2025, 11:45:37 PM",$14.00
7436038,"Nov 14, 2025, 11:45:09 PM",$11.00
7436038,"Nov 14, 2025, 11:45:09 PM",$10.00
7436038,"Nov 14, 2025, 2:34:47 AM",$7.00
7436038,"Nov 14, 2025, 2:34:47 AM",$6.00
7436038,"Nov 12, 2025, 3:08:06 PM",$2.00
7436038,"Nov 10, 2025, 1:39:09 AM",$1.00
7436039,Bid Date,BidAmount
7436039,"Nov 16, 2025, 1:11:27 AM",$80.00
7436039,"Nov 16, 2025, 1:11:23 AM",$75.00
7436039,"Nov 16, 2025, 1:11:12 AM",$70.00
7436039,"Nov 16, 2025, 1:11:13 AM",$70.00
7436039,"Nov 16, 2025, 1:10:36 AM",$65.00
7436039,"Nov 16, 2025, 1:10:07 AM",$60.00
7436039,"Nov 16, 2025, 1:09:30 AM",$55.00
7436039,"Nov 16, 2025, 1:09:30 AM",$53.00
7436039,"Nov 16, 2025, 1:08:44 AM",$48.00
7436039,"Nov 16, 2025, 1:08:38 AM",$43.00
7436039,"Nov 16, 2025, 1:08:03 AM",$40.00
7436039,"Nov 16, 2025, 1:08:03 AM",$38.00
7436039,"Nov 15, 2025, 5:51:29 PM",$35.00
7436039,"Nov 15, 2025, 4:15:06 PM",$32.00
7436039,"Nov 15, 2025, 4:15:06 PM",$30.00
7436039,"Nov 13, 2025, 10:10:59 PM",$28.00
7436039,"Nov 13, 2025, 10:10:59 PM",$25.00
7436039,"Nov 13, 2025, 9:48:20 PM",$23.00
7436039,"Nov 13, 2025, 9:48:20 PM",$20.00
7436039,"Nov 13, 2025, 4:29:10 PM",$18.00
7436039,"Nov 13, 2025, 4:28:58 PM",$15.00
7436039,"Nov 13, 2025, 4:28:59 PM",$15.00
7436039,"Nov 13, 2025, 1:41:45 PM",$11.00
7436039,"Nov 13, 2025, 1:41:38 PM",$10.00
7436039,"Nov 13, 2025, 1:41:39 PM",$10.00
7436039,"Nov 13, 2025, 12:37:58 PM",$6.00
7436039,"Nov 13, 2025, 12:37:58 PM",$5.00
7436039,"Nov 13, 2025, 9:03:22 AM",$3.00
7436039,"Nov 13, 2025, 2:49:35 AM",$2.00
7436039,"Nov 13, 2025, 2:49:36 AM",$2.00
7436039,"Nov 10, 2025, 1:45:38 PM",$1.00
7436040,Bid Date,BidAmount
7436040,"Nov 16, 2025, 12:51:03 AM",$6.00
7436040,"Nov 16, 2025, 12:50:51 AM",$5.00
7436040,"Nov 16, 2025, 12:50:52 AM",$5.00
7436040,"Nov 15, 2025, 11:42:55 PM",$4.00
7436040,"Nov 15, 2025, 10:38:04 PM",$3.00
7436040,"Nov 15, 2025, 12:25:05 AM",$2.00
7436040,"Nov 12, 2025, 12:22:15 AM",$1.00
7436041,Bid Date,BidAmount
7436041,"Nov 16, 2025, 1:15:45 AM",$46.00
7436041,"Nov 16, 2025, 1:14:23 AM",$41.00
7436041,"Nov 16, 2025, 1:14:10 AM",$38.00
7436041,"Nov 16, 2025, 1:13:43 AM",$35.00
7436041,"Nov 16, 2025, 1:13:08 AM",$32.00
7436041,"Nov 16, 2025, 1:11:52 AM",$29.00
7436041,"Nov 16, 2025, 1:11:32 AM",$26.00
7436041,"Nov 16, 2025, 1:10:15 AM",$23.00
7436041,"Nov 16, 2025, 1:09:27 AM",$20.00
7436041,"Nov 16, 2025, 1:02:54 AM",$17.00
7436041,"Nov 16, 2025, 1:02:34 AM",$14.00
7436041,"Nov 16, 2025, 12:52:23 AM",$11.00
7436041,"Nov 16, 2025, 12:51:25 AM",$10.00
7436041,"Nov 16, 2025, 12:30:38 AM",$9.00
7436041,"Nov 16, 2025, 12:30:15 AM",$8.00
7436041,"Nov 16, 2025, 12:30:16 AM",$8.00
7436041,"Nov 15, 2025, 4:38:25 PM",$7.00
7436041,"Nov 12, 2025, 2:57:33 AM",$6.00
7436041,"Nov 12, 2025, 2:57:33 AM",$5.00
7436041,"Nov 10, 2025, 4:46:15 PM",$1.00
7436042,Bid Date,BidAmount
7436042,"Nov 16, 2025, 1:09:00 AM",$14.00
7436042,"Nov 16, 2025, 12:12:57 AM",$11.00
7436042,"Nov 16, 2025, 12:12:47 AM",$10.00
7436042,"Nov 16, 2025, 12:12:48 AM",$10.00
7436042,"Nov 16, 2025, 12:12:37 AM",$9.00
7436042,"Nov 16, 2025, 12:12:37 AM",$8.00
7436042,"Nov 16, 2025, 12:11:34 AM",$7.00
7436042,"Nov 16, 2025, 12:11:21 AM",$6.00
7436042,"Nov 16, 2025, 12:11:21 AM",$5.00
7436042,"Nov 15, 2025, 11:46:13 PM",$4.00
7436042,"Nov 15, 2025, 11:45:52 PM",$3.00
7436042,"Nov 15, 2025, 11:32:57 PM",$2.00
7436042,"Nov 14, 2025, 9:53:07 PM",$1.00
7436043,Bid Date,BidAmount
7436043,"Nov 16, 2025, 1:10:41 AM",$3.00
7436043,"Nov 16, 2025, 12:27:57 AM",$2.00
7436043,"Nov 11, 2025, 11:00:11 PM",$1.00
7436044,Bid Date,BidAmount
7436044,"Nov 16, 2025, 1:08:48 AM",$156.00
7436044,"Nov 16, 2025, 1:08:48 AM",$155.00
7436044,"Nov 16, 2025, 1:08:35 AM",$143.00
7436044,"Nov 16, 2025, 1:08:35 AM",$133.00
7436044,"Nov 16, 2025, 1:08:25 AM",$111.11
7436044,"Nov 16, 2025, 1:08:26 AM",$101.11
7436044,"Nov 16, 2025, 1:08:14 AM",$88.00
7436044,"Nov 16, 2025, 1:08:14 AM",$83.00
7436044,"Nov 16, 2025, 12:30:13 AM",$75.00
7436044,"Nov 16, 2025, 12:30:13 AM",$70.00
7436044,"Nov 15, 2025, 10:43:49 PM",$60.00
7436044,"Nov 15, 2025, 10:43:49 PM",$55.00
7436044,"Nov 15, 2025, 1:21:57 AM",$50.00
7436044,"Nov 15, 2025, 1:21:57 AM",$45.00
7436044,"Nov 15, 2025, 1:21:49 AM",$33.00
7436044,"Nov 15, 2025, 1:21:49 AM",$30.00
7436044,"Nov 15, 2025, 1:21:39 AM",$23.00
7436044,"Nov 15, 2025, 1:21:39 AM",$20.00
7436044,"Nov 15, 2025, 1:21:29 AM",$11.00
7436044,"Nov 15, 2025, 1:21:29 AM",$10.00
7436044,"Nov 15, 2025, 1:21:17 AM",$8.00
7436044,"Nov 15, 2025, 1:21:17 AM",$7.00
7436044,"Nov 14, 2025, 2:31:54 AM",$6.00
7436044,"Nov 14, 2025, 2:31:54 AM",$5.00
7436044,"Nov 14, 2025, 2:31:51 AM",$4.00
7436044,"Nov 14, 2025, 2:31:51 AM",$3.00
7436044,"Nov 11, 2025, 3:02:03 PM",$2.00
7436044,"Nov 10, 2025, 9:21:28 PM",$1.00
7436045,Bid Date,BidAmount
7436045,"Nov 15, 2025, 11:52:52 PM",$135.00
7436045,"Nov 15, 2025, 11:52:53 PM",$135.00
7436045,"Nov 15, 2025, 10:40:30 PM",$125.00
7436045,"Nov 15, 2025, 10:40:30 PM",$115.00
7436045,"Nov 15, 2025, 12:16:45 AM",$105.00
7436045,"Nov 15, 2025, 12:16:45 AM",$100.00
7436045,"Nov 15, 2025, 12:16:21 AM",$65.00
7436045,"Nov 15, 2025, 12:16:21 AM",$60.00
7436045,"Nov 15, 2025, 12:15:57 AM",$55.00
7436045,"Nov 15, 2025, 12:15:57 AM",$50.00
7436045,"Nov 15, 2025, 12:15:36 AM",$43.00
7436045,"Nov 15, 2025, 12:15:36 AM",$40.00
7436045,"Nov 15, 2025, 12:15:08 AM",$33.00
7436045,"Nov 15, 2025, 12:15:08 AM",$30.00
7436045,"Nov 15, 2025, 12:14:53 AM",$23.00
7436045,"Nov 15, 2025, 12:14:53 AM",$20.00
7436045,"Nov 15, 2025, 12:14:36 AM",$11.00
7436045,"Nov 15, 2025, 12:14:36 AM",$10.00
7436045,"Nov 15, 2025, 12:14:16 AM",$7.00
7436045,"Nov 15, 2025, 12:14:16 AM",$6.00
7436045,"Nov 14, 2025, 4:00:47 PM",$5.00
7436045,"Nov 14, 2025, 4:00:47 PM",$4.00
7436045,"Nov 14, 2025, 4:00:41 PM",$3.00
7436045,"Nov 14, 2025, 4:00:41 PM",$2.00
7436045,"Nov 11, 2025, 3:03:31 PM",$1.00
7436046,Bid Date,BidAmount
7436046,"Nov 16, 2025, 12:29:04 AM",$90.00
7436046,"Nov 16, 2025, 12:28:46 AM",$85.00
7436046,"Nov 16, 2025, 12:28:46 AM",$80.00
7436046,"Nov 16, 2025, 12:28:32 AM",$75.00
7436046,"Nov 16, 2025, 12:28:32 AM",$70.00
7436046,"Nov 16, 2025, 12:28:13 AM",$65.00
7436046,"Nov 16, 2025, 12:28:13 AM",$60.00
7436046,"Nov 11, 2025, 2:59:01 PM",$55.00
7436046,"Nov 11, 2025, 2:59:01 PM",$50.00
7436046,"Nov 11, 2025, 4:14:27 AM",$29.00
7436046,"Nov 11, 2025, 4:14:27 AM",$26.00
7436046,"Nov 11, 2025, 4:14:15 AM",$23.00
7436046,"Nov 11, 2025, 4:14:15 AM",$20.00
7436046,"Nov 11, 2025, 4:13:41 AM",$17.00
7436046,"Nov 11, 2025, 4:13:41 AM",$14.00
7436046,"Nov 11, 2025, 4:13:34 AM",$11.00
7436046,"Nov 11, 2025, 4:13:34 AM",$10.00
7436046,"Nov 11, 2025, 4:13:28 AM",$9.00
7436046,"Nov 11, 2025, 4:13:28 AM",$8.00
7436046,"Nov 11, 2025, 4:13:22 AM",$7.00
7436046,"Nov 11, 2025, 4:13:22 AM",$6.00
7436046,"Nov 11, 2025, 4:13:15 AM",$5.00
7436046,"Nov 11, 2025, 4:13:15 AM",$4.00
7436046,"Nov 10, 2025, 3:17:36 PM",$2.00
7436046,"Nov 10, 2025, 2:58:14 AM",$1.00
7436047,Bid Date,BidAmount
7436047,"Nov 16, 2025, 12:25:57 AM",$6.00
7436047,"Nov 16, 2025, 12:25:57 AM",$5.00
7436047,"Nov 15, 2025, 11:51:51 PM",$4.33
7436047,"Nov 15, 2025, 11:51:35 PM",$3.33
7436047,"Nov 15, 2025, 11:51:35 PM",$3.00
7436047,"Nov 15, 2025, 7:09:44 AM",$2.00
7436047,"Nov 15, 2025, 12:24:00 AM",$1.00
7436048,Bid Date,BidAmount
7436048,"Nov 13, 2025, 4:15:57 PM",$135.00
7436048,"Nov 13, 2025, 4:15:04 PM",$125.00
7436048,"Nov 13, 2025, 4:15:04 PM",$120.00
7436048,"Nov 13, 2025, 4:14:38 PM",$105.00
7436048,"Nov 13, 2025, 4:14:38 PM",$100.00
7436048,"Nov 13, 2025, 4:14:17 PM",$90.00
7436048,"Nov 13, 2025, 4:14:17 PM",$85.00
7436048,"Nov 13, 2025, 4:13:42 PM",$75.00
7436048,"Nov 13, 2025, 4:13:42 PM",$70.00
7436048,"Nov 13, 2025, 4:13:27 PM",$65.00
7436048,"Nov 13, 2025, 4:13:27 PM",$60.00
7436048,"Nov 13, 2025, 4:12:56 PM",$55.00
7436048,"Nov 13, 2025, 4:12:56 PM",$50.00
7436048,"Nov 11, 2025, 9:43:36 PM",$43.00
7436048,"Nov 11, 2025, 9:43:36 PM",$40.00
7436048,"Nov 11, 2025, 9:43:24 PM",$37.00
7436048,"Nov 11, 2025, 9:43:24 PM",$34.00
7436048,"Nov 11, 2025, 9:43:13 PM",$30.00
7436048,"Nov 11, 2025, 9:43:13 PM",$27.00
7436048,"Nov 11, 2025, 9:43:04 PM",$24.00
7436048,"Nov 11, 2025, 9:43:04 PM",$21.00
7436048,"Nov 11, 2025, 2:59:24 PM",$18.00
7436048,"Nov 10, 2025, 10:36:05 PM",$15.00
7436048,"Nov 10, 2025, 10:36:05 PM",$12.00
7436048,"Nov 10, 2025, 10:35:51 PM",$11.00
7436048,"Nov 10, 2025, 10:35:51 PM",$10.00
7436048,"Nov 10, 2025, 10:35:42 PM",$9.00
7436048,"Nov 10, 2025, 10:35:42 PM",$8.00
7436048,"Nov 10, 2025, 10:35:32 PM",$7.00
7436048,"Nov 10, 2025, 10:35:32 PM",$6.00
7436048,"Nov 10, 2025, 10:28:35 PM",$5.00
7436048,"Nov 10, 2025, 10:27:54 PM",$4.00
7436048,"Nov 10, 2025, 9:49:05 PM",$3.00
7436048,"Nov 10, 2025, 4:03:08 PM",$2.00
7436048,"Nov 10, 2025, 1:39:15 AM",$1.00
7436049,Bid Date,BidAmount
7436049,"Nov 16, 2025, 1:18:43 AM",$98.00
7436049,"Nov 16, 2025, 1:18:44 AM",$98.00
7436049,"Nov 16, 2025, 1:16:50 AM",$93.00
7436049,"Nov 16, 2025, 1:15:47 AM",$88.00
7436049,"Nov 16, 2025, 1:15:47 AM",$85.00
7436049,"Nov 16, 2025, 1:13:51 AM",$83.00
7436049,"Nov 16, 2025, 1:13:51 AM",$78.00
7436049,"Nov 16, 2025, 1:12:43 AM",$73.00
7436049,"Nov 16, 2025, 1:12:36 AM",$68.00
7436049,"Nov 16, 2025, 1:12:36 AM",$65.00
7436049,"Nov 16, 2025, 1:12:20 AM",$63.00
7436049,"Nov 16, 2025, 1:12:19 AM",$58.00
7436049,"Nov 16, 2025, 1:12:06 AM",$53.00
7436049,"Nov 16, 2025, 1:11:55 AM",$48.00
7436049,"Nov 16, 2025, 1:11:55 AM",$45.00
7436049,"Nov 16, 2025, 1:11:45 AM",$42.00
7436049,"Nov 16, 2025, 1:11:45 AM",$39.00
7436049,"Nov 16, 2025, 1:00:47 AM",$35.00
7436049,"Nov 16, 2025, 1:00:47 AM",$32.00
7436049,"Nov 16, 2025, 12:58:48 AM",$26.00
7436049,"Nov 16, 2025, 12:58:39 AM",$23.00
7436049,"Nov 16, 2025, 12:58:39 AM",$21.00
7436049,"Nov 16, 2025, 12:56:39 AM",$18.00
7436049,"Nov 16, 2025, 12:56:39 AM",$15.00
7436049,"Nov 16, 2025, 12:56:30 AM",$14.00
7436049,"Nov 16, 2025, 12:56:30 AM",$11.00
7436049,"Nov 16, 2025, 12:30:20 AM",$8.00
7436049,"Nov 16, 2025, 12:30:20 AM",$7.00
7436049,"Nov 16, 2025, 12:19:20 AM",$6.00
7436049,"Nov 16, 2025, 12:19:03 AM",$5.00
7436049,"Nov 16, 2025, 12:19:04 AM",$5.00
7436049,"Nov 14, 2025, 11:53:01 PM",$2.00
7436049,"Nov 14, 2025, 12:37:59 PM",$1.00
7436050,Bid Date,BidAmount
7436050,"Nov 16, 2025, 1:13:22 AM",$7.00
7436050,"Nov 16, 2025, 1:12:48 AM",$6.00
7436050,"Nov 16, 2025, 1:12:48 AM",$5.00
7436050,"Nov 16, 2025, 1:01:07 AM",$4.00
7436050,"Nov 16, 2025, 12:55:57 AM",$3.00
7436050,"Nov 16, 2025, 12:28:25 AM",$2.00
7436050,"Nov 13, 2025, 11:47:43 PM",$1.00
7436051,Bid Date,BidAmount
7436051,"Nov 16, 2025, 12:52:46 AM",$60.00
7436051,"Nov 16, 2025, 12:50:22 AM",$55.00
7436051,"Nov 16, 2025, 12:50:22 AM",$51.00
7436051,"Nov 16, 2025, 12:49:23 AM",$46.00
7436051,"Nov 16, 2025, 12:44:08 AM",$41.00
7436051,"Nov 16, 2025, 12:44:08 AM",$40.00
7436051,"Nov 16, 2025, 12:43:41 AM",$38.00
7436051,"Nov 16, 2025, 12:43:41 AM",$35.00
7436051,"Nov 16, 2025, 12:42:46 AM",$32.00
7436051,"Nov 16, 2025, 12:32:44 AM",$29.00
7436051,"Nov 16, 2025, 12:32:15 AM",$26.00
7436051,"Nov 16, 2025, 12:32:16 AM",$26.00
7436051,"Nov 16, 2025, 12:05:42 AM",$23.00
7436051,"Nov 16, 2025, 12:05:30 AM",$20.00
7436051,"Nov 16, 2025, 12:05:31 AM",$20.00
7436051,"Nov 15, 2025, 12:08:28 PM",$11.00
7436051,"Nov 15, 2025, 12:08:28 PM",$10.00
7436051,"Nov 15, 2025, 11:36:46 AM",$2.00
7436051,"Nov 12, 2025, 4:27:17 AM",$1.00
7436052,Bid Date,BidAmount
7436052,"Nov 16, 2025, 1:14:18 AM",$46.00
7436052,"Nov 16, 2025, 1:14:01 AM",$41.00
7436052,"Nov 16, 2025, 1:14:01 AM",$40.00
7436052,"Nov 16, 2025, 1:13:24 AM",$38.00
7436052,"Nov 16, 2025, 1:13:24 AM",$35.00
7436052,"Nov 16, 2025, 1:13:01 AM",$32.00
7436052,"Nov 16, 2025, 1:13:01 AM",$29.00
7436052,"Nov 16, 2025, 1:12:27 AM",$26.00
7436052,"Nov 16, 2025, 1:11:39 AM",$23.00
7436052,"Nov 16, 2025, 1:11:25 AM",$20.00
7436052,"Nov 16, 2025, 1:11:25 AM",$17.00
7436052,"Nov 16, 2025, 1:11:10 AM",$14.00
7436052,"Nov 16, 2025, 12:51:53 AM",$11.00
7436052,"Nov 16, 2025, 12:51:32 AM",$10.00
7436052,"Nov 16, 2025, 12:51:33 AM",$10.00
7436052,"Nov 16, 2025, 12:51:16 AM",$9.00
7436052,"Nov 16, 2025, 12:51:16 AM",$8.00
7436052,"Nov 16, 2025, 12:50:40 AM",$7.00
7436052,"Nov 16, 2025, 12:48:11 AM",$6.00
7436052,"Nov 16, 2025, 12:47:07 AM",$5.00
7436052,"Nov 16, 2025, 12:29:37 AM",$4.00
7436052,"Nov 15, 2025, 12:17:55 AM",$3.00
7436052,"Nov 14, 2025, 1:52:36 PM",$2.00
7436052,"Nov 12, 2025, 8:45:01 PM",$1.00
7436053,Bid Date,BidAmount
7436053,"Nov 14, 2025, 2:52:23 PM",$1.00
7436054,Bid Date,BidAmount
7436054,"Nov 16, 2025, 1:02:44 AM",$46.00
7436054,"Nov 16, 2025, 12:57:36 AM",$41.00
7436054,"Nov 16, 2025, 12:57:36 AM",$39.00
7436054,"Nov 16, 2025, 12:57:25 AM",$36.00
7436054,"Nov 16, 2025, 12:57:25 AM",$33.00
7436054,"Nov 16, 2025, 12:52:25 AM",$30.00
7436054,"Nov 16, 2025, 12:52:25 AM",$27.00
7436054,"Nov 16, 2025, 12:52:17 AM",$24.00
7436054,"Nov 16, 2025, 12:52:17 AM",$21.00
7436054,"Nov 16, 2025, 12:52:07 AM",$18.00
7436054,"Nov 16, 2025, 12:52:07 AM",$15.00
7436054,"Nov 16, 2025, 12:52:00 AM",$11.00
7436054,"Nov 16, 2025, 12:52:00 AM",$10.00
7436054,"Nov 16, 2025, 12:51:52 AM",$9.00
7436054,"Nov 16, 2025, 12:51:52 AM",$8.00
7436054,"Nov 14, 2025, 7:32:39 PM",$7.00
7436054,"Nov 14, 2025, 7:32:39 PM",$6.00
7436054,"Nov 14, 2025, 2:35:01 AM",$3.00
7436054,"Nov 13, 2025, 3:20:15 PM",$2.00
7436054,"Nov 12, 2025, 8:44:19 PM",$1.00
7436055,Bid Date,BidAmount
7436055,"Nov 16, 2025, 1:14:55 AM",$4.00
7436055,"Nov 16, 2025, 1:14:49 AM",$3.00
7436055,"Nov 16, 2025, 1:12:36 AM",$2.00
7436055,"Nov 15, 2025, 4:24:56 PM",$1.00
7436056,Bid Date,BidAmount
7436056,"Nov 16, 2025, 12:51:30 AM",$15.00
7436056,"Nov 16, 2025, 12:51:30 AM",$14.00
7436056,"Nov 16, 2025, 12:19:49 AM",$11.00
7436056,"Nov 16, 2025, 12:19:35 AM",$10.00
7436056,"Nov 16, 2025, 12:19:36 AM",$10.00
7436056,"Nov 15, 2025, 6:10:15 PM",$9.00
7436056,"Nov 15, 2025, 6:07:58 PM",$8.00
7436056,"Nov 15, 2025, 6:07:38 PM",$7.00
7436056,"Nov 15, 2025, 6:07:39 PM",$7.00
7436056,"Nov 15, 2025, 4:24:30 AM",$6.00
7436056,"Nov 15, 2025, 4:23:49 AM",$5.00
7436056,"Nov 15, 2025, 12:36:20 AM",$4.00
7436056,"Nov 14, 2025, 1:15:41 PM",$3.00
7436056,"Nov 14, 2025, 12:38:40 PM",$2.00
7436056,"Nov 13, 2025, 5:19:43 PM",$1.00
7436057,Bid Date,BidAmount
7436057,"Nov 16, 2025, 12:44:37 AM",$11.00
7436057,"Nov 16, 2025, 12:44:37 AM",$10.00
7436057,"Nov 16, 2025, 12:43:06 AM",$9.00
7436057,"Nov 16, 2025, 12:33:17 AM",$8.00
7436057,"Nov 15, 2025, 4:21:54 AM",$7.00
7436057,"Nov 15, 2025, 2:48:03 AM",$6.00
7436057,"Nov 15, 2025, 2:47:53 AM",$5.00
7436057,"Nov 15, 2025, 2:47:54 AM",$5.00
7436057,"Nov 15, 2025, 2:47:03 AM",$4.00
7436057,"Nov 15, 2025, 12:37:12 AM",$3.00
7436057,"Nov 14, 2025, 12:51:32 AM",$2.00
7436057,"Nov 13, 2025, 3:13:51 AM",$1.00
7436058,Bid Date,BidAmount
7436058,"Nov 16, 2025, 1:21:46 AM",$275.00
7436058,"Nov 16, 2025, 1:21:27 AM",$265.00
7436058,"Nov 16, 2025, 1:21:27 AM",$260.00
7436058,"Nov 16, 2025, 1:20:57 AM",$250.00
7436058,"Nov 16, 2025, 1:19:52 AM",$240.00
7436058,"Nov 16, 2025, 1:19:52 AM",$235.00
7436058,"Nov 16, 2025, 1:19:12 AM",$230.00
7436058,"Nov 16, 2025, 1:17:20 AM",$220.00
7436058,"Nov 16, 2025, 1:17:20 AM",$215.00
7436058,"Nov 16, 2025, 1:16:06 AM",$210.00
7436058,"Nov 16, 2025, 1:15:56 AM",$200.00
7436058,"Nov 16, 2025, 1:15:56 AM",$195.00
7436058,"Nov 16, 2025, 1:15:36 AM",$190.00
7436058,"Nov 16, 2025, 1:15:28 AM",$180.00
7436058,"Nov 16, 2025, 1:15:28 AM",$175.00
7436058,"Nov 16, 2025, 1:15:06 AM",$170.00
7436058,"Nov 16, 2025, 1:14:58 AM",$160.00
7436058,"Nov 16, 2025, 1:14:58 AM",$155.00
7436058,"Nov 16, 2025, 1:14:38 AM",$150.00
7436058,"Nov 16, 2025, 1:14:29 AM",$140.00
7436058,"Nov 16, 2025, 1:14:29 AM",$135.00
7436058,"Nov 16, 2025, 1:14:20 AM",$125.00
7436058,"Nov 16, 2025, 1:14:07 AM",$115.00
7436058,"Nov 16, 2025, 1:14:08 AM",$115.00
7436058,"Nov 16, 2025, 1:13:55 AM",$105.00
7436058,"Nov 16, 2025, 1:13:47 AM",$100.00
7436058,"Nov 16, 2025, 1:13:47 AM",$95.00
7436058,"Nov 16, 2025, 1:13:39 AM",$90.00
7436058,"Nov 16, 2025, 1:13:39 AM",$85.00
7436058,"Nov 16, 2025, 1:13:32 AM",$70.00
7436058,"Nov 16, 2025, 1:13:29 AM",$65.00
7436058,"Nov 16, 2025, 1:13:22 AM",$60.00
7436058,"Nov 16, 2025, 1:13:22 AM",$56.00
7436058,"Nov 16, 2025, 1:13:08 AM",$55.00
7436058,"Nov 16, 2025, 12:53:38 AM",$50.00
7436058,"Nov 16, 2025, 12:53:38 AM",$47.00
7436058,"Nov 16, 2025, 12:50:05 AM",$42.00
7436058,"Nov 16, 2025, 12:39:24 AM",$39.00
7436058,"Nov 16, 2025, 12:17:18 AM",$36.00
7436058,"Nov 16, 2025, 12:17:18 AM",$35.00
7436058,"Nov 16, 2025, 12:13:28 AM",$33.00
7436058,"Nov 16, 2025, 12:13:28 AM",$30.00
7436058,"Nov 14, 2025, 12:50:35 AM",$28.00
7436058,"Nov 14, 2025, 12:50:35 AM",$25.00
7436058,"Nov 14, 2025, 12:50:27 AM",$23.00
7436058,"Nov 14, 2025, 12:50:27 AM",$20.00
7436058,"Nov 14, 2025, 12:50:22 AM",$11.00
7436058,"Nov 14, 2025, 12:50:22 AM",$10.00
7436058,"Nov 11, 2025, 9:36:37 PM",$2.00
7436058,"Nov 11, 2025, 7:05:59 AM",$1.00
7436059,Bid Date,BidAmount
7436059,"Nov 16, 2025, 12:23:34 AM",$79.00
7436059,"Nov 16, 2025, 12:23:34 AM",$74.00
7436059,"Nov 15, 2025, 11:15:18 PM",$72.00
7436059,"Nov 15, 2025, 11:15:18 PM",$67.00
7436059,"Nov 15, 2025, 10:14:06 PM",$62.00
7436059,"Nov 15, 2025, 10:14:06 PM",$57.00
7436059,"Nov 15, 2025, 8:59:49 PM",$52.00
7436059,"Nov 15, 2025, 8:59:49 PM",$47.00
7436059,"Nov 15, 2025, 5:24:07 PM",$38.00
7436059,"Nov 15, 2025, 5:24:07 PM",$35.00
7436059,"Nov 12, 2025, 3:16:43 AM",$28.00
7436059,"Nov 12, 2025, 3:16:43 AM",$25.00
7436059,"Nov 11, 2025, 9:37:57 PM",$24.00
7436059,"Nov 10, 2025, 4:46:23 PM",$21.00
7436059,"Nov 10, 2025, 4:46:23 PM",$20.00
7436059,"Nov 10, 2025, 3:22:54 PM",$11.00
7436059,"Nov 10, 2025, 3:22:31 PM",$10.00
7436059,"Nov 10, 2025, 3:22:32 PM",$10.00
7436059,"Nov 10, 2025, 1:51:37 PM",$1.00
7436060,Bid Date,BidAmount
7436060,"Nov 16, 2025, 1:13:18 AM",$30.00
7436060,"Nov 16, 2025, 1:13:18 AM",$28.00
7436060,"Nov 16, 2025, 1:11:57 AM",$27.00
7436060,"Nov 16, 2025, 1:01:18 AM",$24.00
7436060,"Nov 16, 2025, 1:01:18 AM",$23.00
7436060,"Nov 16, 2025, 12:55:21 AM",$21.00
7436060,"Nov 16, 2025, 12:32:43 AM",$18.00
7436060,"Nov 15, 2025, 5:30:45 PM",$15.00
7436060,"Nov 15, 2025, 5:30:46 PM",$15.00
7436060,"Nov 15, 2025, 5:25:20 PM",$11.00
7436060,"Nov 15, 2025, 5:25:20 PM",$10.00
7436060,"Nov 14, 2025, 9:54:08 PM",$8.50
7436060,"Nov 14, 2025, 9:54:08 PM",$7.50
7436060,"Nov 14, 2025, 9:53:56 PM",$4.50
7436060,"Nov 14, 2025, 9:53:56 PM",$3.50
7436060,"Nov 14, 2025, 5:19:33 PM",$2.00
7436060,"Nov 10, 2025, 1:53:06 PM",$1.00
7436061,Bid Date,BidAmount
7436061,"Nov 16, 2025, 1:12:31 AM",$18.00
7436061,"Nov 16, 2025, 1:12:19 AM",$15.00
7436061,"Nov 16, 2025, 1:12:20 AM",$15.00
7436061,"Nov 16, 2025, 1:11:28 AM",$11.00
7436061,"Nov 16, 2025, 1:11:13 AM",$10.00
7436061,"Nov 16, 2025, 1:11:13 AM",$9.00
7436061,"Nov 16, 2025, 1:11:00 AM",$8.00
7436061,"Nov 16, 2025, 1:11:00 AM",$7.00
7436061,"Nov 16, 2025, 12:20:39 AM",$6.00
7436061,"Nov 16, 2025, 12:20:39 AM",$5.00
7436061,"Nov 14, 2025, 5:27:03 PM",$2.00
7436061,"Nov 10, 2025, 2:04:19 PM",$1.00
7436062,Bid Date,BidAmount
7436062,"Nov 16, 2025, 1:16:45 AM",$20.00
7436062,"Nov 16, 2025, 1:16:04 AM",$17.00
7436062,"Nov 16, 2025, 1:16:04 AM",$15.00
7436062,"Nov 16, 2025, 1:15:09 AM",$14.00
7436062,"Nov 16, 2025, 1:14:34 AM",$11.00
7436062,"Nov 16, 2025, 1:14:14 AM",$10.00
7436062,"Nov 16, 2025, 1:14:15 AM",$10.00
7436062,"Nov 16, 2025, 1:01:30 AM",$9.00
7436062,"Nov 16, 2025, 1:01:30 AM",$8.00
7436062,"Nov 16, 2025, 12:41:03 AM",$6.00
7436062,"Nov 16, 2025, 12:40:29 AM",$5.00
7436062,"Nov 16, 2025, 12:40:29 AM",$4.00
7436062,"Nov 16, 2025, 12:31:28 AM",$3.00
7436062,"Nov 16, 2025, 12:31:28 AM",$2.00
7436062,"Nov 15, 2025, 11:44:53 PM",$1.00
7436063,Bid Date,BidAmount
7436063,"Nov 16, 2025, 1:15:55 AM",$142.00
7436063,"Nov 16, 2025, 1:15:55 AM",$132.00
7436063,"Nov 16, 2025, 1:15:19 AM",$122.00
7436063,"Nov 16, 2025, 1:15:19 AM",$112.00
7436063,"Nov 16, 2025, 1:14:39 AM",$102.00
7436063,"Nov 16, 2025, 1:14:39 AM",$97.00
7436063,"Nov 16, 2025, 1:14:29 AM",$92.00
7436063,"Nov 16, 2025, 1:14:29 AM",$87.00
7436063,"Nov 16, 2025, 1:14:20 AM",$82.00
7436063,"Nov 16, 2025, 1:14:20 AM",$77.00
7436063,"Nov 16, 2025, 1:14:09 AM",$72.00
7436063,"Nov 16, 2025, 1:14:09 AM",$67.00
7436063,"Nov 16, 2025, 1:13:12 AM",$62.00
7436063,"Nov 16, 2025, 1:13:03 AM",$57.00
7436063,"Nov 15, 2025, 2:05:07 AM",$52.00
7436063,"Nov 15, 2025, 2:05:07 AM",$48.00
7436063,"Nov 15, 2025, 12:55:03 AM",$47.00
7436063,"Nov 14, 2025, 6:41:56 PM",$42.00
7436063,"Nov 14, 2025, 6:41:56 PM",$41.00
7436063,"Nov 14, 2025, 6:41:34 PM",$39.00
7436063,"Nov 14, 2025, 6:41:34 PM",$36.00
7436063,"Nov 14, 2025, 2:31:21 AM",$33.00
7436063,"Nov 14, 2025, 2:31:21 AM",$30.00
7436063,"Nov 14, 2025, 2:30:50 AM",$27.00
7436063,"Nov 14, 2025, 2:30:50 AM",$24.00
7436063,"Nov 13, 2025, 12:22:49 AM",$21.00
7436063,"Nov 13, 2025, 12:22:49 AM",$20.00
7436063,"Nov 12, 2025, 2:02:23 AM",$1.00
7436064,Bid Date,BidAmount
7436064,"Nov 16, 2025, 1:00:08 AM",$6.00
7436064,"Nov 14, 2025, 2:03:38 AM",$5.00
7436064,"Nov 14, 2025, 2:03:30 AM",$4.00
7436064,"Nov 14, 2025, 2:03:31 AM",$4.00
7436064,"Nov 11, 2025, 10:25:54 PM",$3.00
7436064,"Nov 11, 2025, 6:49:22 PM",$2.00
7436064,"Nov 9, 2025, 11:41:09 PM",$1.00
7436065,Bid Date,BidAmount
7436065,"Nov 16, 2025, 1:12:03 AM",$160.00
7436065,"Nov 16, 2025, 1:00:37 AM",$150.00
7436065,"Nov 16, 2025, 1:00:38 AM",$150.00
7436065,"Nov 16, 2025, 1:00:10 AM",$130.00
7436065,"Nov 16, 2025, 1:00:11 AM",$120.00
7436065,"Nov 16, 2025, 12:59:48 AM",$105.00
7436065,"Nov 16, 2025, 12:59:48 AM",$100.00
7436065,"Nov 15, 2025, 1:05:19 PM",$80.00
7436065,"Nov 15, 2025, 12:13:34 AM",$75.00
7436065,"Nov 14, 2025, 6:46:53 PM",$70.00
7436065,"Nov 14, 2025, 2:00:22 AM",$65.00
7436065,"Nov 12, 2025, 12:45:54 AM",$60.00
7436065,"Nov 12, 2025, 12:45:32 AM",$55.00
7436065,"Nov 12, 2025, 12:45:32 AM",$50.00
7436065,"Nov 12, 2025, 12:45:15 AM",$41.00
7436065,"Nov 12, 2025, 12:45:15 AM",$38.00
7436065,"Nov 12, 2025, 12:45:00 AM",$32.00
7436065,"Nov 12, 2025, 12:45:00 AM",$29.00
7436065,"Nov 12, 2025, 12:24:43 AM",$23.00
7436065,"Nov 12, 2025, 12:24:43 AM",$20.00
7436065,"Nov 12, 2025, 12:24:29 AM",$15.00
7436065,"Nov 12, 2025, 12:24:29 AM",$12.00
7436065,"Nov 12, 2025, 12:24:17 AM",$10.00
7436065,"Nov 12, 2025, 12:24:17 AM",$9.00
7436065,"Nov 12, 2025, 12:24:02 AM",$7.00
7436065,"Nov 12, 2025, 12:24:02 AM",$6.00
7436065,"Nov 12, 2025, 12:23:51 AM",$4.00
7436065,"Nov 12, 2025, 12:23:51 AM",$3.00
7436065,"Nov 10, 2025, 7:15:27 PM",$1.00
